RC-COMBINED GENDER BY RACE INDICATOR,ILLICIT DRUG OTHER THAN MARIJUANA - EVER USED,RECODED # R's CHILDREN < 18 IN HOUSEHOLD,Total %,Total % SE,Total % CI (lower),Total % CI (upper),Row %,Row % SE,Row % CI (lower),Row % CI (upper),Column %,Column % SE,Column % CI (lower),Column % CI (upper),Weighted Count,Unweighted Count,Count SE
Overall,Overall,Overall,1.0,0.0,N/A,N/A,1.0,0.0,N/A,N/A,1.0,0.0,N/A,N/A,63339531.060953744,105869,326762.3714768325
Overall,Overall,0,0.3918328919184059,0.0023337354031001847,0.3871555491472082,0.3965301803224367,1.0,0.0,N/A,N/A,0.3918328919184059,0.0023337354031001847,0.3871555491472082,0.3965301803224367,24818511.628369205,43022,180081.8889228902
Overall,Overall,1,0.2248547395741038,0.0018269435595821674,0.22120648372555066,0.22854550716208308,1.0,0.0,N/A,N/A,0.2248547395741038,0.0018269435595821674,0.22120648372555066,0.22854550716208308,14242193.761456612,23839,141378.99851469923
Overall,Overall,2,0.24608396744853758,0.0019799031495254475,0.24212889255870476,0.2500823286474247,1.0,0.0,N/A,N/A,0.24608396744853758,0.0019799031495254475,0.24212889255870476,0.2500823286474247,15586843.099809377,25088,155118.00917707707
Overall,Overall,3 - 3 or more,0.1372284010589501,0.0014654853715608952,0.13431134630141298,0.14019854991216124,1.0,0.0,N/A,N/A,0.1372284010589501,0.0014654853715608952,0.13431134630141298,0.14019854991216124,8691982.571318388,13920,104350.54134266452
Overall,0 - Never used drug/used only marijuana,Overall,0.6115622550975268,0.002055582253576175,0.6074255798127062,0.6156829199188731,0.6115622550975268,0.002055582253576175,0.6074255798127062,0.6156829199188731,1.0,0.0,N/A,N/A,38736066.45245672,64333,251558.91656599415
Overall,0 - Never used drug/used only marijuana,0,0.221530323595815,0.0018599579457992334,0.21781703341586367,0.22528868406491015,0.5653693913014985,0.003105623941552536,0.5591215297510949,0.5715965527084048,0.36223674981459936,0.002813361011579509,0.3566052053259708,0.3679063739724156,14031626.81234026,24329,130638.71034531931
Overall,0 - Never used drug/used only marijuana,1,0.14068531697476686,0.0016486814394920675,0.13740632064080213,0.14402949632394493,0.6256720104776897,0.004903481609200545,0.6157722182382713,0.6354677311716983,0.23004251129319864,0.002460970444516776,0.22513678362538506,0.23502271230161856,8910942.004343368,14777,121521.63505768628
Overall,0 - Never used drug/used only marijuana,2,0.1578611941419026,0.0015367709521785491,0.15479896265933196,0.16097246547888533,0.6414932097310053,0.004096204273234186,0.6332247692520548,0.6496783728235981,0.2581277585823674,0.0024929280672979746,0.25315231516641634,0.26316653189879224,9998854.00967029,15956,109905.0289071118
Overall,0 - Never used drug/used only marijuana,3 - 3 or more,0.091485420385037,0.0011959127207706293,0.08911155045541286,0.09391600846376283,0.6666653526461843,0.005794249665348009,0.6549274886599608,0.6782001281941494,0.1495929803098258,0.0018789871420377417,0.14585802403833195,0.15340639956503604,5794643.6261024615,9271,85621.50584032116
Overall,1 - Illicit drug except for marijuana are ever used,Overall,0.3884377449024782,0.002055582253576178,0.3843170800811318,0.3925744201872988,0.3884377449024782,0.002055582253576178,0.3843170800811318,0.3925744201872988,1.0,0.0,N/A,N/A,24603464.608497344,41536,170294.11801401782
Overall,1 - Illicit drug except for marijuana are ever used,0,0.17030256832259139,0.0015254062284823305,0.16726056618062787,0.17338837640865445,0.43463060869850273,0.003105623941552535,0.42840344729159646,0.4408784702489064,0.43842950526177066,0.0032770081079021014,0.4318586477654327,0.44502202843677874,10786884.816028975,18693,107157.98191893574
Overall,1 - Illicit drug except for marijuana are ever used,1,0.08416942259933478,0.0012514613710502874,0.08168963330800598,0.08671738042313216,0.37432798952230073,0.004903481609200531,0.3645322688282922,0.38422778176171907,0.2166870333892668,0.0029328710624915515,0.21085412759174027,0.22263577375519777,5331251.7571131075,9062,80261.757381596
Overall,1 - Illicit drug except for marijuana are ever used,2,0.08822277330663496,0.0012920689035791578,0.08566182105052922,0.09085268040392565,0.35850679026899457,0.004096204273234186,0.3503216271764019,0.36677523074794505,0.22712204069865638,0.0030807471570826065,0.22099376165390705,0.23336935067636258,5587989.090139085,9132,90720.80723387668
Overall,1 - Illicit drug except for marijuana are ever used,3 - 3 or more,0.04574298067391381,0.0009742383060535117,0.04382553332250084,0.04774013128522859,0.33333464735382073,0.005794249665348008,0.3217998718058556,0.34507251134004435,0.11776142065029782,0.0024561425579308752,0.11291695188597754,0.12278496305617916,2897338.9452159707,4649,61391.23127530367
"1 - Male, White, Not Hisp",Overall,Overall,1.0,0.0,N/A,N/A,1.0,0.0,N/A,N/A,1.0,0.0,N/A,N/A,20684248.89961327,33146,166230.6732092078
"1 - Male, White, Not Hisp",Overall,0,0.4250054800327143,0.0037564240147565237,0.4174785064006851,0.43256738804752415,1.0,0.0,N/A,N/A,0.4250054800327143,0.0037564240147565237,0.4174785064006851,0.43256738804752415,8790919.13269628,14437,93607.75864608161
"1 - Male, White, Not Hisp",Overall,1,0.1974348584413437,0.0029704171559559074,0.19153649362706768,0.2034691492850249,1.0,0.0,N/A,N/A,0.1974348584413437,0.0029704171559559074,0.19153649362706768,0.2034691492850249,4083791.7534606652,6556,69074.66609577916
"1 - Male, White, Not Hisp",Overall,2,0.24698231979669863,0.0030171093680453316,0.24097235715229193,0.25309219356326,1.0,0.0,N/A,N/A,0.24698231979669863,0.0030171093680453316,0.24097235715229193,0.25309219356326,5108643.776478796,7882,81796.85073813517
"1 - Male, White, Not Hisp",Overall,3 - 3 or more,0.1305773417292292,0.0022675390181366994,0.12608996281326426,0.13519971400616626,1.0,0.0,N/A,N/A,0.1305773417292292,0.0022675390181366994,0.12608996281326426,0.13519971400616626,2700894.2369772345,4271,53230.40311342131
"1 - Male, White, Not Hisp",0 - Never used drug/used only marijuana,Overall,0.5096129165502674,0.0036379360049569403,0.5023043735020102,0.5169173526125512,0.5096129165502674,0.0036379360049569403,0.5023043735020102,0.5169173526125512,1.0,0.0,N/A,N/A,10540960.408383576,17066,106721.86637845634
"1 - Male, White, Not Hisp",0 - Never used drug/used only marijuana,0,0.19850822620330213,0.0027343611009432267,0.19307320393221405,0.20405755463604675,0.46707215678259534,0.004623014131186223,0.45779902559947083,0.4763680945634863,0.38952746242592856,0.005405268920781337,0.37872701091743294,0.4004373962921705,4105993.559409834,6814,57308.36296555236
"1 - Male, White, Not Hisp",0 - Never used drug/used only marijuana,1,0.10084049726787994,0.0021925062102974967,0.0965213021833369,0.10533043740247178,0.5107532583859239,0.008532670208583887,0.4936089616801145,0.5278722952868559,0.1978766510678369,0.00393970171523723,0.190082540279202,0.2059090997576008,2085809.9446496004,3424,48308.65266954983
"1 - Male, White, Not Hisp",0 - Never used drug/used only marijuana,2,0.13512866478208146,0.002475660822775368,0.1302328963973711,0.14017881489699285,0.5471187771388311,0.00740491173160208,0.5322078778987344,0.5619455930682232,0.2651594188326516,0.00423326627741806,0.256744226328627,0.27374884462734805,2795034.9358249786,4319,56956.3414861991
"1 - Male, White, Not Hisp",0 - Never used drug/used only marijuana,3 - 3 or more,0.07513552829700319,0.0019028990908002198,0.07140163895168918,0.07904805648364947,0.5754101538749921,0.00932313603962708,0.5565844869632477,0.5940195512365392,0.1474364676735817,0.00341349404656188,0.1407112591823708,0.1544253387440778,1554121.96849915,2509,42533.324654959804
"1 - Male, White, Not Hisp",1 - Illicit drug except for marijuana are ever used,Overall,0.4903870834497185,0.0036379360049569533,0.48308264738743456,0.4976956264979757,0.4903870834497185,0.0036379360049569533,0.48308264738743456,0.4976956264979757,1.0,0.0,N/A,N/A,10143288.4912294,16080,117054.33164958627
"1 - Male, White, Not Hisp",1 - Illicit drug except for marijuana are ever used,0,0.22649725382941296,0.002693382910871166,0.22113316308571276,0.23195271260729505,0.5329278432174065,0.004623014131186222,0.5236319054365156,0.5422009744005309,0.4618744283313423,0.004377384004829064,0.4530949500030745,0.47067761753339865,4684925.573286463,7623,66772.763886714
"1 - Male, White, Not Hisp",1 - Illicit drug except for marijuana are ever used,1,0.09659436117346333,0.0022953659927488993,0.09208122105304563,0.1013040208298031,0.48924674161407383,0.008532670208583889,0.47212770471314175,0.5063910383198832,0.19697574514800115,0.004600725687814985,0.18789819718748704,0.2063803903961277,1997981.8088110555,3132,49761.42758439958
"1 - Male, White, Not Hisp",1 - Illicit drug except for marijuana are ever used,2,0.11185365501461776,0.00227218378264938,0.1073705683573154,0.11649949588816914,0.45288122286117133,0.0074049117316020785,0.43805440693177916,0.46779212210126814,0.22809257990190643,0.004071910214381946,0.22001735531734995,0.23637436789926336,2313608.8406538297,3563,54409.82207252381
"1 - Male, White, Not Hisp",1 - Illicit drug except for marijuana are ever used,3 - 3 or more,0.055441813432225664,0.0014445861123690029,0.05261073472030027,0.05841584401335123,0.4245898461250054,0.009323136039627073,0.4059804487634582,0.44341551303674975,0.11305724661875266,0.002828184226449866,0.10749997421613433,0.1188635444602098,1146772.2684780778,1762,31146.56225582133
"2 - Female, White, Not Hisp",Overall,Overall,1.0,0.0,N/A,N/A,1.0,0.0,N/A,N/A,1.0,0.0,N/A,N/A,21078112.894614033,38395,164020.06225687018
"2 - Female, White, Not Hisp",Overall,0,0.3705382710874293,0.003181821036461618,0.3641703827497178,0.3769514951800653,1.0,0.0,N/A,N/A,0.3705382710874293,0.003181821036461618,0.3641703827497178,0.3769514951800653,7810247.509755934,14635,90606.24096069104
"2 - Female, White, Not Hisp",Overall,1,0.24244693096743028,0.0024660432722444334,0.23752819992187854,0.24743446477947914,1.0,0.0,N/A,N/A,0.24244693096743028,0.0024660432722444334,0.23752819992187854,0.24743446477947914,5110323.781884191,9338,66576.50219273844
"2 - Female, White, Not Hisp",Overall,2,0.25703698160192634,0.002571567092392054,0.25190586863675146,0.2622359739863106,1.0,0.0,N/A,N/A,0.25703698160192634,0.002571567092392054,0.25190586863675146,0.2622359739863106,5417854.516296234,9605,66822.43978851734
"2 - Female, White, Not Hisp",Overall,3 - 3 or more,0.1299778163432113,0.002341861174689774,0.12534600690016917,0.13475441205044086,1.0,0.0,N/A,N/A,0.1299778163432113,0.002341861174689774,0.12534600690016917,0.13475441205044086,2739687.0866776165,4817,54142.20608673605
"2 - Female, White, Not Hisp",0 - Never used drug/used only marijuana,Overall,0.5840641297174055,0.003097464416835189,0.5778296080672924,0.5902718664548509,0.5840641297174055,0.003097464416835189,0.5778296080672924,0.5902718664548509,1.0,0.0,N/A,N/A,12310969.663877968,22806,119336.49600152286
"2 - Female, White, Not Hisp",0 - Never used drug/used only marijuana,0,0.20718252396982734,0.0023977904882815535,0.2024077559598562,0.21203998372173793,0.5591393389994583,0.004693428227666839,0.5496920957830691,0.5685439506750057,0.3547256430044263,0.003967115364741091,0.34679834786943037,0.36273351758148475,4367016.630027099,8339,61069.518053638065
"2 - Female, White, Not Hisp",0 - Never used drug/used only marijuana,1,0.1402504401611667,0.0022725822875709653,0.13574768267522744,0.1448775171763441,0.5784789256829471,0.007173751150708006,0.5640071213112086,0.5928171644295304,0.24012849450115298,0.003422542695274815,0.23332156408708993,0.24707001425908878,2956214.611236382,5462,54669.71107693638
"2 - Female, White, Not Hisp",0 - Never used drug/used only marijuana,2,0.1533659308248568,0.0019465443043399431,0.149496857221759,0.15731661682052236,0.5966687356388852,0.005899324286645984,0.584765342428829,0.6084593756109811,0.26258406058776734,0.0030860845090815913,0.25643275350385814,0.26882957718558614,3232664.404113898,5857,48788.335617595876
"2 - Female, White, Not Hisp",0 - Never used drug/used only marijuana,3 - 3 or more,0.08326523476155714,0.0018183121134350297,0.07968511469714526,0.08699099975384575,0.6406111219909417,0.009169362485877929,0.6219944373038028,0.6588138737724106,0.14256180190665763,0.003004092642890991,0.13663370230270314,0.1487028034681511,1755074.0185006422,3148,40357.59911599604
"2 - Female, White, Not Hisp",1 - Illicit drug except for marijuana are ever used,Overall,0.41593587028258383,0.003097464416835184,0.4097281335451385,0.42217039193269695,0.41593587028258383,0.003097464416835184,0.4097281335451385,0.42217039193269695,1.0,0.0,N/A,N/A,8767143.23073584,15589,91357.57632704663
"2 - Female, White, Not Hisp",1 - Illicit drug except for marijuana are ever used,0,0.16335574711760092,0.002310670118465426,0.15876752264707233,0.16805007866893587,0.44086066100053883,0.004693428227666842,0.43145604932499143,0.4503079042169281,0.39274262882549227,0.004733429411758448,0.38327698176939146,0.402289557112798,3443230.879728813,6296,55514.682060329105
"2 - Female, White, Not Hisp",1 - Illicit drug except for marijuana are ever used,1,0.1021964908062634,0.0020073229291470546,0.09823455801294415,0.10629937778685526,0.42152107431705216,0.007173751150708006,0.4071828355704689,0.4359928786887908,0.24570251836378487,0.00429970110199694,0.23716897975079654,0.2544406870075044,2154109.170647805,3876,44875.47369118538
"2 - Female, White, Not Hisp",1 - Illicit drug except for marijuana are ever used,2,0.10367105077706931,0.0019898479396325787,0.09974190744361491,0.10773645216083608,0.40333126436111383,0.0058993242866459865,0.39154062438901793,0.41523465757117,0.24924768019318927,0.004371028572106124,0.24057187174306086,0.2581300192638982,2185190.112182331,3748,43635.31564909123
"2 - Female, White, Not Hisp",1 - Illicit drug except for marijuana are ever used,3 - 3 or more,0.04671258158165401,0.0015275627098410992,0.04373844625142717,0.04987840416257252,0.3593888780090573,0.009169362485877929,0.3411861262275883,0.37800556269619634,0.11230717261754275,0.0036847017369667228,0.1051164878682828,0.11992383054871843,984613.0681769714,1669,33539.24516623457
"3 - Male, Black, Not Hisp",Overall,Overall,1.0,0.0,N/A,N/A,1.0,0.0,N/A,N/A,1.0,0.0,N/A,N/A,3392817.268341866,5134,62490.620006039295
"3 - Male, Black, Not Hisp",Overall,0,0.5438120055215591,0.009880709554747824,0.5239068656536575,0.5635781762836408,1.0,0.0,N/A,N/A,0.5438120055215591,0.009880709554747824,0.5239068656536575,0.5635781762836408,1845054.7630651677,2892,46037.68584497826
"3 - Male, Black, Not Hisp",Overall,1,0.18837126761434228,0.006808484610159167,0.17507549463052627,0.20242898598714115,1.0,0.0,N/A,N/A,0.18837126761434228,0.006808484610159167,0.17507549463052627,0.20242898598714115,639109.2896213874,933,25482.138605099262
"3 - Male, Black, Not Hisp",Overall,2,0.1625682734843327,0.006583779558662481,0.14977377821349716,0.17622919981691215,1.0,0.0,N/A,N/A,0.1625682734843327,0.006583779558662481,0.14977377821349716,0.17622919981691215,551564.4455621671,778,26361.842661379607
"3 - Male, Black, Not Hisp",Overall,3 - 3 or more,0.10524845337976504,0.005971940790628729,0.09384238531738605,0.11786055402798208,1.0,0.0,N/A,N/A,0.10524845337976504,0.005971940790628729,0.09384238531738605,0.11786055402798208,357088.77009314066,531,20911.759667367136
"3 - Male, Black, Not Hisp",0 - Never used drug/used only marijuana,Overall,0.6649947384849401,0.008983670521186883,0.6467162218038627,0.6827914073196801,0.6649947384849401,0.008983670521186883,0.6467162218038627,0.6827914073196801,1.0,0.0,N/A,N/A,2256205.6320881876,3379,50233.65010123394
"3 - Male, Black, Not Hisp",0 - Never used drug/used only marijuana,0,0.33986901995959823,0.009516384546125913,0.3210232971539864,0.3592357364478544,0.6249752056018637,0.012568543926524496,0.5994111387496356,0.6498608352373431,0.5110852767556072,0.012894502406140023,0.4851793294276077,0.536931815128449,1153113.4798933512,1815,37357.905307952504
"3 - Male, Black, Not Hisp",0 - Never used drug/used only marijuana,1,0.13381512273554705,0.005532684050140635,0.12308724938358338,0.14532305141272242,0.7103796902270173,0.019003653912577988,0.6707775555615514,0.7470147421066724,0.2012273405958347,0.007939598533135207,0.18575161810703253,0.2176477677344232,454010.25918245025,647,19702.774792027678
"3 - Male, Black, Not Hisp",0 - Never used drug/used only marijuana,2,0.11978631009879145,0.00611912704008489,0.10803003696555712,0.13263171357401504,0.7368369456807677,0.020343781062641456,0.6939955509528115,0.7756196593020045,0.18013121482991137,0.008755660350662869,0.16320949469595186,0.19839143718585805,406413.0614141333,570,23362.13326994397
"3 - Male, Black, Not Hisp",0 - Never used drug/used only marijuana,3 - 3 or more,0.07152428569100037,0.005393600345509377,0.06141961687724635,0.0831440962370632,0.6795756459519771,0.028181570473413756,0.6205478764352835,0.7333664631042621,0.10755616781864233,0.007896185937382635,0.09269373415987779,0.12447469989719086,242668.8315982431,347,18556.956932011435
"3 - Male, Black, Not Hisp",1 - Illicit drug except for marijuana are ever used,Overall,0.3350052615150602,0.008983670521186881,0.31720859268032014,0.3532837781961377,0.3350052615150602,0.008983670521186881,0.31720859268032014,0.3532837781961377,1.0,0.0,N/A,N/A,1136611.636253679,1755,37868.7214853236
"3 - Male, Black, Not Hisp",1 - Illicit drug except for marijuana are ever used,0,0.2039429855619594,0.007551110642376573,0.18919476171320898,0.21952959494655433,0.3750247943981336,0.012568543926524496,0.3501391647626542,0.4005888612503617,0.6087754700915081,0.014189356670010301,0.5799343044660445,0.6368763315651529,691941.2831718116,1077,28598.021998322623
"3 - Male, Black, Not Hisp",1 - Illicit drug except for marijuana are ever used,1,0.0545561448787952,0.00435713574028983,0.0464376335281258,0.0639987253145777,0.2896203097729825,0.019003653912577988,0.2529852578933274,0.32922244443844834,0.1628516060675143,0.01234516326558463,0.13954876933079116,0.18919012844042896,185099.03043893698,286,15409.24342706519
"3 - Male, Black, Not Hisp",1 - Illicit drug except for marijuana are ever used,2,0.042781963385541334,0.003588652269270523,0.03612670642588419,0.050598889947356306,0.26316305431923276,0.020343781062641453,0.22438034069799603,0.30600444904718904,0.12770534764755648,0.010911155598193594,0.10734643118137409,0.15127113192333277,145151.38414803406,208,12602.84588840464
"3 - Male, Black, Not Hisp",1 - Illicit drug except for marijuana are ever used,3 - 3 or more,0.033724167688764586,0.00326446513558981,0.027748120321904254,0.04093307593895518,0.32042435404802216,0.028181570473413745,0.26663353689573716,0.3794521235647157,0.10066757619342201,0.008958316997204443,0.08404797310521743,0.12014247091429149,114419.93849489729,184,11259.394085356
"4 - Female, Black, Not Hisp",Overall,Overall,1.0,0.0,N/A,N/A,1.0,0.0,N/A,N/A,1.0,0.0,N/A,N/A,4220933.948165535,7009,67817.62388857618
"4 - Female, Black, Not Hisp",Overall,0,0.4155766959690684,0.007419019728424073,0.40075657078741106,0.4305511031075034,1.0,0.0,N/A,N/A,0.4155766959690684,0.007419019728424073,0.40075657078741106,0.4305511031075034,1754121.784082308,2994,38773.61944469638
"4 - Female, Black, Not Hisp",Overall,1,0.27445195200303973,0.007198078722042025,0.2602332760671061,0.28914385973281936,1.0,0.0,N/A,N/A,0.27445195200303973,0.007198078722042025,0.2602332760671061,0.28914385973281936,1158443.5613499284,1918,37121.29505081025
"4 - Female, Black, Not Hisp",Overall,2,0.2011237155076011,0.006711479332533098,0.18798059316756105,0.2149425285297957,1.0,0.0,N/A,N/A,0.2011237155076011,0.006711479332533098,0.18798059316756105,0.2149425285297957,848929.9185672206,1342,31209.74535893221
"4 - Female, Black, Not Hisp",Overall,3 - 3 or more,0.10884763652028871,0.004948861123113604,0.09929866671032216,0.11919335662501802,1.0,0.0,N/A,N/A,0.10884763652028871,0.004948861123113604,0.09929866671032216,0.11919335662501802,459438.6841660693,755,22952.076276890923
"4 - Female, Black, Not Hisp",0 - Never used drug/used only marijuana,Overall,0.7712648155626973,0.007009633184614945,0.756881809200115,0.7850385806562546,0.7712648155626973,0.007009633184614945,0.756881809200115,0.7850385806562546,1.0,0.0,N/A,N/A,3255457.843034219,5337,57042.11851118649
"4 - Female, Black, Not Hisp",0 - Never used drug/used only marijuana,0,0.3009708456266701,0.00677401064298406,0.2875423687110376,0.31474939440938565,0.7242245499951506,0.010496207348170198,0.7026517273049808,0.744800693767421,0.39023022903889193,0.008114490033539907,0.37405969886274926,0.406645667055604,1270378.0597137003,2150,33202.644842265945
"4 - Female, Black, Not Hisp",0 - Never used drug/used only marijuana,1,0.2179004572960254,0.007252980454315559,0.20368390254198884,0.23281917525871249,0.7939475587829378,0.011696859169924172,0.7694621725887523,0.8164526997827026,0.28252352875328585,0.00863282540621101,0.26551085144875125,0.30018078462784487,919743.437521588,1522,34485.507879943776
"4 - Female, Black, Not Hisp",0 - Never used drug/used only marijuana,2,0.16389674948347668,0.0059982242961662685,0.15220206513749998,0.17630314986834736,0.8149051397038382,0.012491169699460451,0.7884933012278706,0.8386935325782313,0.21250385882558553,0.007467963517799551,0.19789037540253535,0.22788989334680773,691797.3538887888,1060,26693.58201675322
"4 - Female, Black, Not Hisp",0 - Never used drug/used only marijuana,3 - 3 or more,0.0884967631565242,0.004487747975652137,0.07988768688981042,0.09793484602958431,0.8130333922319829,0.015779205994401576,0.7792577854432685,0.842684323994684,0.11474238338223554,0.005991232783447497,0.10324675618610193,0.12733620130423817,373538.99191013793,605,20173.69003051324
"4 - Female, Black, Not Hisp",1 - Illicit drug except for marijuana are ever used,Overall,0.2287351844373013,0.007009633184614946,0.2149614193437439,0.24311819079988356,0.2287351844373013,0.007009633184614946,0.2149614193437439,0.24311819079988356,1.0,0.0,N/A,N/A,965476.10513131,1672,34957.71828151147
"4 - Female, Black, Not Hisp",1 - Illicit drug except for marijuana are ever used,0,0.1146058503423987,0.00489673088459809,0.10513179938034205,0.12481458300958918,0.2757754500048503,0.010496207348170196,0.2551993062325799,0.29734827269502007,0.5010416330322516,0.014964128022377577,0.4710176932120277,0.5310580629666599,483743.7243686094,844,21514.727897692355
"4 - Female, Black, Not Hisp",1 - Illicit drug except for marijuana are ever used,1,0.05655149470701426,0.003162828616881768,0.05052413568411745,0.0632499977454215,0.20605244121706198,0.011696859169924172,0.1835473002172972,0.23053782741124743,0.24723566182497655,0.011883738138691128,0.22414660765294972,0.2718696749915875,238700.12382834006,396,14371.88884372207
"4 - Female, Black, Not Hisp",1 - Illicit drug except for marijuana are ever used,2,0.03722696602412425,0.0028125432418434422,0.03197198373577405,0.04330702766325955,0.18509486029616096,0.012491169699460458,0.16130646742176774,0.21150669877212852,0.16275137607580678,0.01090400573143808,0.1420184831245069,0.1858553577624547,157132.564678431,282,12507.364053953299
"4 - Female, Black, Not Hisp",1 - Illicit drug except for marijuana are ever used,3 - 3 or more,0.020350873363764427,0.001891007944222258,0.016880301441555428,0.02451719663983899,0.1869666077680163,0.015779205994401573,0.1573156760053152,0.22074221455673063,0.08897132906696659,0.007877145253402924,0.07436762926624232,0.10611402478646487,85899.692255931,150,8339.46037524249
"5 - Male, Hispanic",Overall,Overall,1.0,0.0,N/A,N/A,1.0,0.0,N/A,N/A,1.0,0.0,N/A,N/A,4843222.054263309,6532,85982.27516575906
"5 - Male, Hispanic",Overall,0,0.39334547251981344,0.00786243641550094,0.3776696710675726,0.4092440568977683,1.0,0.0,N/A,N/A,0.39334547251981344,0.00786243641550094,0.3776696710675726,0.4092440568977683,1905059.4674525827,2729,53042.89671343492
"5 - Male, Hispanic",Overall,1,0.18263647283766624,0.006525983656460898,0.16989198254143953,0.19611113412022665,1.0,0.0,N/A,N/A,0.18263647283766624,0.006525983656460898,0.16989198254143953,0.19611113412022665,884548.9931602469,1185,35602.02001203801
"5 - Male, Hispanic",Overall,2,0.22018061820400925,0.0062781227013392425,0.20782999789969162,0.23304927041638424,1.0,0.0,N/A,N/A,0.22018061820400925,0.0062781227013392425,0.20782999789969162,0.23304927041638424,1066383.626006987,1425,33871.16356698465
"5 - Male, Hispanic",Overall,3 - 3 or more,0.20383743643850757,0.007349421062224645,0.18947256859344241,0.2189971195743916,1.0,0.0,N/A,N/A,0.20383743643850757,0.007349421062224645,0.18947256859344241,0.2189971195743916,987229.9676434753,1193,39515.90365215564
"5 - Male, Hispanic",0 - Never used drug/used only marijuana,Overall,0.6761047362909589,0.00833690751400488,0.6591393730988192,0.6926194724338439,0.6761047362909589,0.00833690751400488,0.6591393730988192,0.6926194724338439,1.0,0.0,N/A,N/A,3274525.3697962505,4393,78357.23074530794
"5 - Male, Hispanic",0 - Never used drug/used only marijuana,0,0.24959597572311576,0.007308033963061108,0.23520709287939526,0.2645606054817091,0.6345464563864865,0.013132312522684198,0.6077887757955529,0.6604983429237874,0.36916761904727013,0.009352172057767054,0.35058935608625774,0.3881419588421278,1208848.7342775636,1720,45045.002717074145
"5 - Male, Hispanic",0 - Never used drug/used only marijuana,1,0.12324240592278658,0.00563459179625986,0.11236420410496607,0.13501356049405358,0.6747962441890168,0.018097981137936578,0.6374493715450975,0.7100459015055003,0.18228300928474744,0.008412056718408717,0.165991083644208,0.19979091916584507,596890.338385711,797,29881.701176975414
"5 - Male, Hispanic",0 - Never used drug/used only marijuana,2,0.15690261139643757,0.005871778904385295,0.14546619797637927,0.1690602635679571,0.712608642287755,0.014987230986662953,0.6815924427080262,0.7417482963836844,0.23206849911625999,0.008325807696433828,0.21576742001610194,0.24920976194196268,759914.187886732,1018,31203.817978095845
"5 - Male, Hispanic",0 - Never used drug/used only marijuana,3 - 3 or more,0.1463637432486204,0.006050744956049274,0.13462356831279845,0.15893970640168595,0.7180415227247744,0.017187520870612476,0.6822762556348472,0.7512486336555352,0.21648087255172452,0.008278961286489847,0.20031439042766597,0.23357099734326564,708872.1092462507,858,32402.736998169006
"5 - Male, Hispanic",1 - Illicit drug except for marijuana are ever used,Overall,0.32389526370903615,0.008336907514004859,0.3073805275661512,0.34086062690117597,0.32389526370903615,0.008336907514004859,0.3073805275661512,0.34086062690117597,1.0,0.0,N/A,N/A,1568696.6844670342,2139,43180.46986205711
"5 - Male, Hispanic",1 - Illicit drug except for marijuana are ever used,0,0.14374949679669818,0.005820899030226292,0.13244878232804302,0.15584120271193808,0.3654535436135147,0.013132312522684203,0.3395016570762138,0.39221122420444826,0.4438147540367624,0.01461931413309196,0.4146800715064533,0.4733410433845519,696210.7331750215,1009,29085.96380978669
"5 - Male, Hispanic",1 - Illicit drug except for marijuana are ever used,1,0.059394066914879404,0.0038392628354000013,0.05213564412161545,0.06759096137100143,0.3252037558109817,0.018097981137936574,0.28995409849449827,0.36255062845490094,0.18337429894694196,0.010939814141155628,0.16241251734053033,0.20637491678910624,287658.65477453463,388,19017.213542339854
"5 - Male, Hispanic",1 - Illicit drug except for marijuana are ever used,2,0.0632780068075715,0.0035642252052444303,0.056485579518467215,0.07082591435699628,0.2873913577122442,0.014987230986662946,0.25825170361631483,0.318407557291973,0.19536564407565968,0.009863348542644165,0.17631127440457597,0.2159394078868912,306469.438120254,407,17189.35156314055
"5 - Male, Hispanic",1 - Illicit drug except for marijuana are ever used,3 - 3 or more,0.05747369318988709,0.004236418556837623,0.04953289789580283,0.06659830658498052,0.28195847727522516,0.017187520870612476,0.24875136634446443,0.3177237443651523,0.17744530294063596,0.01178854610666389,0.15499145603370032,0.20237302274872143,278357.8583972241,335,20711.47559135228
"6 - Female, Hispanic",Overall,Overall,1.0,0.0,N/A,N/A,1.0,0.0,N/A,N/A,1.0,0.0,N/A,N/A,4670252.710775226,7560,80846.73602740202
"6 - Female, Hispanic",Overall,0,0.272154259570844,0.006172344868037827,0.2599349761076939,0.28472696279827087,1.0,0.0,N/A,N/A,0.272154259570844,0.006172344868037827,0.2599349761076939,0.28472696279827087,1271029.1685097588,2205,36937.78523536972
"6 - Female, Hispanic",Overall,1,0.2615965095272503,0.0074565179471914045,0.24689869651565519,0.2768476364282158,1.0,0.0,N/A,N/A,0.2615965095272503,0.0074565179471914045,0.24689869651565519,0.2768476364282158,1221721.807748978,1997,38964.54063570642
"6 - Female, Hispanic",Overall,2,0.26726366725479217,0.006169001037975498,0.25505669241990997,0.27983540432746856,1.0,0.0,N/A,N/A,0.26726366725479217,0.006169001037975498,0.25505669241990997,0.27983540432746856,1248188.866488421,2003,37356.44159014937
"6 - Female, Hispanic",Overall,3 - 3 or more,0.19898556364711065,0.006661003732372961,0.18594372554638708,0.21270312869784425,1.0,0.0,N/A,N/A,0.19898556364711065,0.006661003732372961,0.18594372554638708,0.21270312869784425,929312.8680280548,1355,34999.01980506137
"6 - Female, Hispanic",0 - Never used drug/used only marijuana,Overall,0.7854558081434524,0.00652213898981375,0.7720653018572552,0.7982652074085261,0.7854558081434524,0.00652213898981375,0.7720653018572552,0.7982652074085261,1.0,0.0,N/A,N/A,3668277.117176105,5913,66015.30041549714
"6 - Female, Hispanic",0 - Never used drug/used only marijuana,0,0.20217260900361056,0.005217873028473478,0.19189470958469193,0.21285599517010603,0.7428603517814255,0.012886879112626967,0.7161377602528427,0.7678826781788508,0.25739526897315473,0.006835390491103033,0.24390682657734317,0.27136192873682674,944197.1752436121,1609,29774.446152470588
"6 - Female, Hispanic",0 - Never used drug/used only marijuana,1,0.20649625492258192,0.007280521276184385,0.19225537217372457,0.22150273095002007,0.7893693050253462,0.013771106292726036,0.7603805383695807,0.8157010786641798,0.2628999019189483,0.008729810452429865,0.2457452958143364,0.2808061846106391,964389.6943171204,1567,36267.85830170929
"6 - Female, Hispanic",0 - Never used drug/used only marijuana,2,0.21491331277652914,0.006182493607695023,0.20275597978585844,0.2275915065994602,0.8041246869954999,0.013013358791540319,0.7766636534131871,0.8289527922952372,0.27361604631139,0.007824831117404184,0.25818371836915494,0.2896106814108161,1003699.4815762694,1616,32924.17570591119
"6 - Female, Hispanic",0 - Never used drug/used only marijuana,3 - 3 or more,0.16187363144073322,0.006392627527627796,0.149440797283641,0.1751278524975622,0.8134943484031169,0.013579206699444913,0.7846730221870486,0.8392482735475618,0.20608878279651002,0.007623173858962193,0.1911976333550241,0.22182162844200284,755990.7660391142,1121,32412.452072630407
"6 - Female, Hispanic",1 - Illicit drug except for marijuana are ever used,Overall,0.2145441918565428,0.006522138989813764,0.20173479259146893,0.22793469814274012,0.2145441918565428,0.006522138989813764,0.20173479259146893,0.22793469814274012,1.0,0.0,N/A,N/A,1001975.5935990993,1647,37325.18033249509
"6 - Female, Hispanic",1 - Illicit drug except for marijuana are ever used,0,0.06998165056723392,0.004114678499762967,0.062154965188941334,0.07871117362851993,0.25713964821857627,0.01288687911262696,0.23211732182115094,0.2838622397471591,0.3261875791726297,0.01684782455741628,0.29329297662150666,0.3608875163150249,326831.99326614884,596,20127.9596620404
"6 - Female, Hispanic",1 - Illicit drug except for marijuana are ever used,1,0.05510025460466845,0.00374271619152503,0.048048057146489326,0.06311889955469449,0.2106306949746541,0.01377110629272604,0.1842989213358204,0.23961946163041972,0.2568247321349617,0.015270684210084314,0.22736717459008093,0.28867286253588736,257332.11343185796,430,18094.13942912603
"6 - Female, Hispanic",1 - Illicit drug except for marijuana are ever used,2,0.0523503544782631,0.0036313417211098395,0.04551852612726242,0.06014295437869306,0.19587531300450056,0.013013358791540319,0.17104720770476323,0.22333634658681342,0.24400732560156047,0.015207323859444066,0.2147686642665749,0.2758282944860614,244489.38491215225,387,18368.50979909584
"6 - Female, Hispanic",1 - Illicit drug except for marijuana are ever used,3 - 3 or more,0.03711193220637759,0.0028073224664229577,0.03186721346211174,0.04318132880168861,0.18650565159688393,0.013579206699444919,0.16075172645243888,0.21532697781295207,0.17298036309084922,0.011956048917533378,0.15026614409805916,0.19832669237276299,173322.10198894137,234,13540.898317789033
"7 - Male or Female, Other Races",Overall,Overall,1.0,0.0,N/A,N/A,1.0,0.0,N/A,N/A,1.0,0.0,N/A,N/A,4449943.28518065,8093,88578.96850766728
"7 - Male or Female, Other Races",Overall,0,0.3240670072379732,0.008935246454015224,0.30638480723454387,0.342266129904825,1.0,0.0,N/A,N/A,0.3240670072379732,0.008935246454015224,0.30638480723454387,0.342266129904825,1442079.802807208,3130,44654.28359565541
"7 - Male or Female, Other Races",Overall,1,0.257139136591182,0.006726385075817254,0.2438623840360217,0.270879774462508,1.0,0.0,N/A,N/A,0.257139136591182,0.006726385075817254,0.2438623840360217,0.270879774462508,1144254.5742310802,1912,39913.728667793934
"7 - Male or Female, Other Races",Overall,2,0.3023135047337857,0.009075366305048327,0.28440225072340825,0.32084702024429174,1.0,0.0,N/A,N/A,0.3023135047337857,0.009075366305048327,0.28440225072340825,0.32084702024429174,1345277.9504095383,2053,50549.0277639051
"7 - Male or Female, Other Races",Overall,3 - 3 or more,0.11648035143705894,0.005780970605209505,0.10536183984503342,0.12860350417200372,1.0,0.0,N/A,N/A,0.11648035143705894,0.005780970605209505,0.10536183984503342,0.12860350417200372,518330.9577328227,998,27483.043899352295
"7 - Male or Female, Other Races",0 - Never used drug/used only marijuana,Overall,0.770722276286436,0.006289027248186682,0.7578467038602766,0.7831091702686207,0.770722276286436,0.006289027248186682,0.7578467038602766,0.7831091702686207,1.0,0.0,N/A,N/A,3429670.418099971,5439,75904.46651494653
"7 - Male or Female, Other Races",0 - Never used drug/used only marijuana,0,0.2206947618963236,0.007909353367239778,0.2052186308435832,0.23698998391524417,0.6810158299584631,0.012953882891208647,0.6544530356894263,0.7064525796383095,0.286347973435639,0.010332086523687143,0.2660531419196553,0.3075422193037723,982079.1737750875,1882,37498.98056025271
"7 - Male or Female, Other Races",0 - Never used drug/used only marijuana,1,0.20986418459771367,0.0066249736875451624,0.19686711188102995,0.22348055307436776,0.8161503043831503,0.010588768557667551,0.7939233097102658,0.8364737317667169,0.27229547017753314,0.00829792419731611,0.25595126961567055,0.28927758395612063,933883.7190505082,1358,36746.19866111543
"7 - Male or Female, Other Races",0 - Never used drug/used only marijuana,2,0.24929094909137606,0.009011507039506282,0.23163274150759847,0.26782608529715807,0.8246106944871655,0.011733673418882436,0.7997846095939207,0.8469475185377269,0.3234510753893508,0.011053297108095146,0.30165889584299416,0.3460374637914165,1109330.58496548,1516,47683.77769244547
"7 - Male or Female, Other Races",0 - Never used drug/used only marijuana,3 - 3 or more,0.09087238070102431,0.00546321211978219,0.08047925365284929,0.1024581284442517,0.7801520134503364,0.01968163736491564,0.7380903572276113,0.8171323219333634,0.11790548099747925,0.007019982652464817,0.10451934930716351,0.13275186338062528,404376.9403089028,683,25652.646581523684
"7 - Male or Female, Other Races",1 - Illicit drug except for marijuana are ever used,Overall,0.2292777237135632,0.006289027248186679,0.21689082973137863,0.24215329613972245,0.2292777237135632,0.006289027248186679,0.21689082973137863,0.24215329613972245,1.0,0.0,N/A,N/A,1020272.8670806747,2654,33184.51375293304
"7 - Male or Female, Other Races",1 - Illicit drug except for marijuana are ever used,0,0.10337224534165021,0.004694932791346579,0.09431547846598362,0.11319000883052532,0.31898417004153873,0.012953882891208654,0.2935474203616923,0.34554696431057563,0.45086039614905293,0.015052961063824918,0.4208430584967179,0.48123971582759756,460000.629032123,1248,22132.019083075524
"7 - Male or Female, Other Races",1 - Illicit drug except for marijuana are ever used,1,0.047274951993467956,0.0027413141003213458,0.04206376281625511,0.05309596007096897,0.18384969561684816,0.010588768557667536,0.16352626823328156,0.20607669028973255,0.20619077696587998,0.010999331989202343,0.18497168228020675,0.22915962184495917,210370.8551805703,554,12984.382415571154
"7 - Male or Female, Other Races",1 - Illicit drug except for marijuana are ever used,2,0.05302255564241011,0.003525973854389345,0.0463708103939998,0.06056787026137355,0.1753893055128359,0.01173367341888245,0.15305248146227451,0.20021539040608063,0.23125908083705168,0.014206341140228621,0.20396087077756586,0.2610129163674823,235947.36544406024,537,16331.244196967633
"7 - Male or Female, Other Races",1 - Illicit drug except for marijuana are ever used,3 - 3 or more,0.025607970736034776,0.0023818306327497516,0.02123504743954398,0.030853021698271733,0.21984798654966492,0.019681637364915655,0.18286767806663784,0.2619096427723899,0.11168974604801482,0.01001377037236183,0.09310323061517647,0.13344078952671107,113954.01742392054,315,10677.7245569438
